Model,Pipeline,Representation,Accuracy,Precision,Recall,F1-Score,Inference_Time_Seconds,Average_Inference_Time_Per_Sample
LogisticRegression,pipeline_0,Word2Vec,0.83,0.8245476003147129,0.8384,0.8314161047203491,0.0023145675659179,9.258270263671876e-07
SVM,pipeline_0,Word2Vec,0.8388,0.8326787117046347,0.848,0.8402695204122077,0.0025978088378906,1.03912353515625e-06
LogisticRegression,pipeline_1,Word2Vec,0.842,0.8301158301158301,0.86,0.8447937131630648,0.0040016174316406,1.60064697265625e-06
SVM,pipeline_1,Word2Vec,0.852,0.8384615384615385,0.872,0.8549019607843137,0.0025186538696289,1.0074615478515625e-06
LogisticRegression,pipeline_2,Word2Vec,0.848,0.8372093023255814,0.864,0.8503937007874016,0.0035271644592285,1.4108657836914063e-06
SVM,pipeline_2,Word2Vec,0.8568,0.8425499231950845,0.8776,0.859717868338558,0.0029995441436767,1.1998176574707031e-06
LogisticRegression,pipeline_3,Word2Vec,0.8492,0.8381099922540666,0.8656,0.8516332152695789,0.0020012855529785,8.005142211914063e-07
SVM,pipeline_3,Word2Vec,0.858,0.8460943542150039,0.8752,0.8604011010617381,0.0020046234130859375,8.01849365234375e-07
